{"cameraMode":{"drawMode":0,"name":"Shaded","section":"Shading Mode"},"sceneLighting":false,"audioPlay":false,"sceneViewState":{"m_AlwaysRefresh":false,"showFog":true,"showSkybox":false,"showFlares":true,"showImageEffects":true,"showParticleSystems":true,"showVisualEffectGraphs":true,"m_FxEnabled":true},"in2DMode":false,"pivot":{"x":2.1638295650482179,"y":1.0341057777404786,"z":-0.5924995541572571},"rotation":{"x":-0.16220465302467347,"y":0.4865199029445648,"z":-0.09246267378330231,"w":-0.8534868955612183},"size":1.2798584699630738,"orthographic":false}