{"cameraMode":{"drawMode":0,"name":"Shaded","section":"Shading Mode"},"sceneLighting":false,"audioPlay":false,"sceneViewState":{"m_AlwaysRefresh":false,"showFog":true,"showSkybox":false,"showFlares":true,"showImageEffects":true,"showParticleSystems":true,"showVisualEffectGraphs":true,"m_FxEnabled":true},"in2DMode":false,"pivot":{"x":-1.7221031188964844,"y":-2.2648611068725588,"z":0.37231898307800295},"rotation":{"x":0.43093276023864748,"y":0.4096192419528961,"z":-0.22903119027614594,"w":0.7707597613334656},"size":0.8660253882408142,"orthographic":false}